{"IcoMoonType":"selection","icons":[{"icon":{"paths":["M558.28 576l28.44-185.32h-177.82v-120.26c0-50.7 24.84-100.12 104.48-100.12h80.84v-157.78s-73.36-12.52-143.5-12.52c-146.44 0-242.16 88.76-242.16 249.44v141.24h-162.78v185.32h162.78v448h200.34v-448z"],"attrs":[{}],"width":640,"isMulticolor":false,"isMulticolor2":false,"grid":0,"tags":["facebook-f"]},"attrs":[{}],"properties":{"order":2,"id":0,"name":"facebook-f","prevSize":32,"code":59648},"setIdx":0,"setId":2,"iconIdx":0}],"height":1024,"metadata":{"name":"icomoon"},"preferences":{"showGlyphs":true,"showQuickUse":true,"showQuickUse2":true,"showSVGs":true,"fontPref":{"prefix":"icon-","metadata":{"fontFamily":"icomoon"},"metrics":{"emSize":1024,"baseline":6.25,"whitespace":50},"embed":false},"imagePref":{"prefix":"icon-","png":true,"useClassSelector":true,"color":0,"bgColor":16777215,"classSelector":".icon"},"historySize":50,"showCodes":true,"gridSize":16}}